{"example1": [[1.12024101201457, -0.03217759571678843, -424.44382588359105], [0.11171427813628917, 1.0759375097674515, -57.362283212644016], [0.0001292885316825922, -7.907369721323871e-06, 1.0]], "example2": [[0.9998293100740507, -0.00017954834430575025, -112.88654150429578], [-2.545639271438553e-05, 0.9997430484647056, -135.90116042575795], [-9.127071835682088e-08, -1.9140903706853377e-07, 1.0]], "example3": [[0.48817645352292494, 0.14226223199980614, 612.0034945135423], [-0.02134209864586627, 0.8922177297405276, -11.96396328746063], [-0.0003797372678545193, 5.597073115290013e-05, 1.0]], "example4": [[0.4312012006143254, 0.08272784444701903, 512.669166629135], [-0.3079353086279037, 0.7843719354643801, 149.68766795892336], [-0.0004178374383472422, -3.7661396186320856e-05, 1.0]], "example5": [[0.6727224195578662, -0.2724069177309463, 523.253603943256], [0.2764136642076408, 0.8431302399567929, -138.26123488275164], [-0.0002356021171751206, 3.743386527143601e-05, 1.0]], "example6": [[1.897705534397721, 0.02026881023048344, -971.5535644037423], [0.26536052049531555, 1.6343080506620429, -314.7054190020152], [0.0006247144113521985, 6.176843177142885e-05, 1.0]]}